card_name,weight,type,is_land,produces
Accursed Marauder,0,unscored,false,
Agadeem's Awakening,0,mdfc_land,true,B
Altar of Dementia,0,unscored,false,
Ancient Tomb,3,premium_acceleration,true,C
Arcane Signet,2,mana_rock,false,B
Archive Arbiter,0,unscored,false,
Archon of Cruelty,0,unscored,false,
Ashnod's Altar,0,unscored,false,
"Azog, Moria's Ruin",0,unscored,false,
Black Market Connections,1.5,acceleration,false,
Blasphemous Edict,0,unscored,false,
Blood Pet,1,ramp,false,
Blood Vassal,1.5,ramp,false,
Boggart Trawler,0,mdfc_land,true,B
Bojuka Bog,0,land,true,B
Bontu's Monument,1.5,discount,false,
Cabal Coffers,1,conditional_mana,true,B
Cabal Stronghold,0.5,conditional_mana,true,B
Carrion Feeder,0,unscored,false,
Castle Locthwain,0,land,true,B
Command Beacon,0,land,true,C
Crypt Ghast,2,big_mana,false,
Damnation,0,unscored,false,
Diabolic Intent,0,unscored,false,
Disciple of Bolas,0,unscored,false,
Everflowing Chalice,1.5,mana_rock,false,C
Extraplanar Lens,2,big_mana,false,
Fell the Profane,0,mdfc_land,true,B
Fellwar Stone,2,mana_rock,false,B
"Gisa, Glorious Resurrector",0,unscored,false,
Grave Betrayal,0,unscored,false,
Gravelighter,0,unscored,false,
Gray Merchant of Asphodel,0,unscored,false,
Grim Haruspex,0,unscored,false,
Hagra Mauling,0,mdfc_land,true,B
Heartless Summoning,3,premium_acceleration,false,
High Market,0,land,true,C
Innocuous Rat,0,unscored,false,
Jet Medallion,2,discount,false,
"K'rrik, Son of Yawgmoth",2,accelerator,false,
"Kokusho, the Evening Star",0,unscored,false,
Malakir Rebirth,0,mdfc_land,true,B
Mana Vault,3,premium_acceleration,false,C
Marionette Apprentice,0,unscored,false,
Massacre Wurm,0,unscored,false,
Midnight Reaper,0,unscored,false,
Necropotence,0,unscored,false,
Nirkana Revenant,1,big_mana,false,
"Nykthos, Shrine to Nyx",1,conditional_mana,true,B
Phyrexian Altar,0,unscored,false,
Phyrexian Arena,0,unscored,false,
Phyrexian Reclamation,0,unscored,false,
Phyrexian Tower,0,land,true,B
Pitiless Plunderer,0,unscored,false,
Plaguecrafter,0,unscored,false,
Ruthless Technomancer,0,unscored,false,
Sheoldred,0,unscored,false,
Shriekmaw,0,unscored,false,
"Sidisi, Undead Vizier",0,unscored,false,
Skullclamp,0,unscored,false,
Snow-Covered Swamp,0,land,true,B
Sol Ring,3,premium_acceleration,false,C
Soldevi Adnate,0,unscored,false,
Solemn Simulacrum,0,unscored,false,
Spawning Pit,0,unscored,false,
"Susur Secundi, Void Altar",0,land,true,B
"Syr Konrad, the Grim",0,unscored,false,
The Meathook Massacre,0,unscored,false,
The Sibsig Ceremony,2,discount,false,
The Soul Stone,2,mana_rock,false,C
Thieving Amalgam,0,unscored,false,
Thran Dynamo,2,mana_rock,false,C
Toxic Deluge,0,unscored,false,
Twilight Diviner,0,unscored,false,
Umbral Collar Zealot,0,unscored,false,
"Urborg, Tomb of Yawgmoth",0,land,true,B
Urza's Cave,0,land,true,C
Viscera Seer,0,unscored,false,
Wake the Dead,0,unscored,false,
Warren Soultrader,0,unscored,false,
Worn Powerstone,1.5,mana_rock,false,C
